a12,b12,x1,indirect,direct
-0.3,-0.75,0.5700009739624444,-0.3936148473373402,-0.45501549584719336
-0.3,-0.75,0.6919653947612815,-0.17790609528747148,-0.39368161948526587
-0.3,-0.75,0.6441923472489488,-0.21715153503238444,-0.4175303350775391
-0.3,-0.75,0.601041465996952,-3.2190163146239153e-37,-0.4386844174946998
-0.3,-0.75,0.8253162447059097,-0.23602262051743442,-0.3472085806997357
-0.3,-0.75,0.36211404191218394,-0.40427562079577267,-0.645322786320339
-0.3,-0.75,0.6483616210700224,-0.32284656770969977,-0.415993008809328
-0.3,-0.75,0.7199550776027434,0.0608328496994576,-0.38516273666561174
-0.3,-0.75,0.48758452682592496,-5.3672106898236955e-37,-0.5118621791567444
-0.3,-0.75,0.8735640480476535,-0.09547953131294509,-0.3324031356485601
-0.3,-0.75,0.23368061559318726,-0.28279625267897796,-0.8259235152920714
-0.3,-0.75,0.4742270082496559,-3.88429504518231e-37,-0.5205040673881112
-0.3,-0.75,0.8213116887220919,-0.12028557222368003,-0.34763912396092145
-0.3,-0.75,0.30554593511869904,-0.8744195040263838,-0.7344221497687502
-0.3,-0.75,0.6934210865976704,-0.4833758616136785,-0.39456502462289444
-0.3,-0.75,0.5524715171311065,-0.0355731335700418,-0.46852458994308066
-0.3,-0.75,0.8083578498188664,-0.08417531053112406,-0.3518607004961352
-0.3,-0.75,0.3322981602005831,-1.0532648319121913,-0.6764778682670528
-0.3,-0.75,0.7350969145319376,-0.1573938652676603,-0.37718283264900276
-0.3,-0.75,0.4958499590363915,-0.18183294761795038,-0.5118362024502539
-0.3,-0.75,0.7938455479997171,-0.23172102083595641,-0.3557664289632332
-0.3,-0.75,0.3542613788092464,-0.16385925001309185,-0.654696740254806
-0.3,-0.75,0.7869005932213137,-0.00826766358957087,-0.3597734760832786
-0.3,-0.75,0.4500168237360888,1.5599721757520545e-37,-0.5407185537788974
-0.3,-0.75,0.698532958287365,-0.3237461989246415,-0.3941777275110529
-0.3,-0.75,0.6660661927427205,-0.16594091902156538,-0.4065644723827176
-0.3,-0.75,0.5664530357207068,-0.4040166633934446,-0.45802588165862707
-0.3,-0.75,0.8492643101133946,-0.2258305274180833,-0.34550045554332587
-0.3,-0.75,0.28381473106021166,-0.5747682573652388,-0.7659546174673092
-0.3,-0.75,0.5715310658762894,-0.6157656727160966,-0.4562985882439883
-0.3,-0.75,0.7483455153000356,-0.3721943118214273,-0.37195822924244143
-0.3,-0.75,0.4523623863688346,-8.356329179983094e-38,-0.5462812601588298
-0.3,-0.75,0.8364442883603826,-0.2882451275921528,-0.3443051961790036
-0.3,-0.75,0.29624272497244825,-0.3283521677159195,-0.7471365371963027
-0.3,-0.75,0.6255949702543139,-0.2640714144283978,-0.42392204085937
-0.3,-0.75,0.635155459033788,-0.12373453712365919,-0.4217596639601164
-0.3,-0.75,0.7508506950456016,-0.30423407115120055,-0.3701019363695256
-0.3,-0.75,0.4533811099394781,-3.2518096849137494e-37,-0.545088230837434
-0.3,-0.75,0.8227017640130914,-0.08358141341618391,-0.3470291226358916
-0.3,-0.75,0.3103346506490642,-0.5939974350867964,-0.7274200041042094
-0.3,-0.75,0.6800243982734755,-0.3003585316598302,-0.40062805417323555
-0.3,-0.75,0.5589071730662858,-0.221011364800793,-0.46094531598642485
-0.3,-0.75,0.8440188988278231,-0.09869501891717097,-0.34273408676423417
-0.3,-0.75,0.30794635256987435,-1.4002194167581328,-0.7355526816652354
-0.3,-0.75,0.5978843858692942,-0.5440453027074563,-0.4392850094509362
-0.3,-0.75,0.7523414357338747,-0.42196713743635395,-0.3718058342225106
-0.3,-0.75,0.4264631035336184,-0.2955980112026664,-0.5609675953258872
-0.3,-0.75,0.8491539764290749,-0.2900975478283688,-0.3401559763303708
-0.3,-0.75,0.29289241299521773,-0.6412011363963358,-0.7488370785261232
-0.3,-0.75,0.5767149261805676,-0.4006180021429589,-0.45406819262971254
-0.3,-0.75,0.7679520435723854,-0.34962426198724067,-0.3654752883604215
-0.3,-0.75,0.4073219460927177,7.913849557444156e-37,-0.5914870910858503
-0.3,-0.75,0.8333902407124428,-0.23397401515798993,-0.3443595548192482
-0.3,-0.75,0.3445102621968546,-0.16513211083956317,-0.6694490470633241
-0.3,-0.75,0.6299460082683409,-0.09427346906103164,-0.4233406616061379
-0.3,-0.75,0.7431808908564053,0.2532619997042457,-0.3717966212737742
-0.3,-0.75,0.449085380848555,-0.032904417192304684,-0.5447044512236338
-0.3,-0.75,0.8611552770225653,-0.19897467309719502,-0.33714906982577747
-0.3,-0.75,0.26112125553623883,-0.42468575537337744,-0.7967103339776327
-0.3,-0.75,0.5264775966581553,-0.1993167324082884,-0.48096852984848726
-0.3,-0.75,0.7985615628052379,-0.1632456439231548,-0.3542919569824554
-0.3,-0.75,0.3454802040091671,-0.6023984465467382,-0.6676856471205529
-0.3,-0.75,0.772904521327324,-0.36931666984913164,-0.36004527935305325
-0.3,-0.75,0.4672215514920955,-1.6504476926692236e-37,-0.5417688237230205
-0.3,-0.75,0.714732510610613,-0.4435008795276892,-0.3868875251298962
-0.3,-0.75,0.6024148069133901,-0.4983796034886816,-0.4430955994376215
-0.3,-0.75,0.638501736980413,-0.4694854051679936,-0.41936174529767395
-0.3,-0.75,0.780241935919472,-0.1417424707175044,-0.36029661004912195
-0.3,-0.75,0.41833124642456937,-0.15330229494809858,-0.5701430590336208
-0.3,-0.75,0.7451755547723933,-0.20375067453215653,-0.37282858231994354
-0.3,-0.75,0.45854413440813,-0.5792241570618808,-0.5412355097243376
-0.3,-0.75,0.8139315159542027,-0.02312263526879045,-0.35069154855165063
-0.3,-0.75,0.30411857318176055,-0.8448476037926603,-0.7325745399076969
-0.3,-0.75,0.7177435730867282,-0.22366371775481392,-0.38622178060526763
-0.3,-0.75,0.5364080538150952,-1.2934736409211072e-36,-0.4771252835595712
-0.3,-0.75,0.747693746198639,-0.20025227068766444,-0.3698477836344948
-0.3,-0.75,0.4701628786230546,-5.614527211234799e-37,-0.5316717672030805
-0.3,-0.75,0.7872220230235114,-0.20029897811423586,-0.35852551098145835
-0.3,-0.75,0.35555444177910284,-0.336197506124098,-0.6529887723217441
-0.3,-0.75,0.7929401169984116,-0.22809578814653955,-0.358266083275642
-0.3,-0.75,0.4260381902650723,6.7243209101632045e-37,-0.571878008820624
-0.3,-0.75,0.6996225761149518,-0.24311619491414552,-0.39345462013500176
-0.3,-0.75,0.6368882619493322,-0.25606974021008017,-0.419424943195847
-0.3,-0.75,0.6088146372553748,-4.000472056698999e-37,-0.43823160566187364
-0.3,-0.75,0.8202142886115826,-0.16883356938665622,-0.3477022898417901
-0.3,-0.75,0.377419872620784,-0.5017965561673432,-0.6157627661372173
-0.3,-0.75,0.6581409790595809,-0.3120593250192356,-0.4128075079109057
-0.3,-0.75,0.7165566578032497,-0.14056293034212472,-0.38532862772243714
-0.3,-0.75,0.4961512666284444,-8.594088185931749e-37,-0.5094433901737925
-0.3,-0.75,0.8671292411835416,0.4099931933117555,-0.32866012292214997
-0.3,-0.75,0.23542676098489615,-0.7739896294188663,-0.8597841802029694
-0.3,-0.75,0.4908160310966684,-5.97611327343435e-37,-0.5118247647118641
-0.3,-0.75,0.7796530532917603,-0.31330579345110515,-0.3606060660138193
-0.3,-0.75,0.38838821126531436,-0.21684169671605652,-0.6157332392519865
-0.3,-0.75,0.8084065609571928,-0.29215026938494837,-0.35144041173036866
-0.3,-0.75,0.3797883259146892,-1.010667436429486,-0.618972215822438
-0.3,-0.75,0.6885678737670419,-0.2239844718626595,-0.3953988639025916
-0.3,-0.75,0.6112277982591994,-0.1822276515809275,-0.4345648520262158
-0.3,-0.75,0.662795222488545,-0.36299057687892183,-0.40883773564413894
-0.3,-0.75,0.6672370652266657,-0.2597587332624938,-0.4057561898636706
-0.3,-0.75,0.5777201568851855,-0.14446999320716059,-0.45414503175990983
-0.3,-0.75,0.8152343305017888,-0.223225028536295,-0.3498596922794761
-0.3,-0.75,0.3141820123667226,-0.24141890602162996,-0.7200536473393913
-0.3,-0.75,0.6902384416983605,-0.16590255743280807,-0.39617982495520143
-0.3,-0.75,0.5359729421877979,-8.847054123978528e-37,-0.4779386251634896
-0.3,-0.75,0.8662512200951307,-0.14607211710227108,-0.33065517631255437
-0.3,-0.75,0.2465051355979382,-0.4343798991302576,-0.8196363657876476
-0.3,-0.75,0.5021190988830736,-0.35863035639745755,-0.5030189059404859
-0.3,-0.75,0.8035377460385841,-0.16436909950490142,-0.35305077109520855
-0.3,-0.75,0.33492299567924366,-0.47666438285269586,-0.675926847017899
-0.3,-0.75,0.7599890010268099,-0.47089453637934786,-0.36475171332748035
-0.3,-0.75,0.490669435613989,6.396716756504957e-38,-0.5132860377306083
-0.3,-0.75,0.7192069059978562,-0.35818205371607686,-0.38654952740659126
-0.3,-0.75,0.5918180603171483,-0.389518365255675,-0.4431967739169877
-0.3,-0.75,0.6495360861501971,-0.37062999546585773,-0.4165743885299191
-0.3,-0.75,0.7627214757940928,-0.33822108559941894,-0.36813347267599705
-0.3,-0.75,0.4427510480171524,-0.39177027520227214,-0.5468424003193268
-0.3,-0.75,0.7750408377175292,-0.27101185224278734,-0.3624459622108774
-0.3,-0.75,0.3833934037694139,-0.681608018763517,-0.6215769048996004
-0.3,-0.75,0.8143469243776156,-0.34420904352675835,-0.3495861889640533
-0.3,-0.75,0.36604151439513155,-0.8028724966327416,-0.6395248896524436
-0.3,-0.75,0.6721008505236938,-0.3245217500081009,-0.40258822372315484
-0.3,-0.75,0.6414980508927718,-0.24096950812094498,-0.41790104056573574
-0.3,-0.75,0.6204293103485976,0.055148610505621955,-0.42779407109931245
-0.3,-0.75,0.7602898864008197,-0.3505515724276416,-0.36974041811792113
-0.3,-0.75,0.4329155524377388,1.2190879112727967e-37,-0.5664482781557041
-0.3,-0.75,0.8213762517906098,-0.24540613451236243,-0.34731989379473027
-0.3,-0.75,0.32265900759057065,-0.5286508040257119,-0.6973737769844911
-0.3,-0.75,0.6764713106090849,-0.2908069266709374,-0.40096008965134433
-0.3,-0.75,0.5657264676439648,-6.187566304588655e-37,-0.4595027262334522
-0.3,-0.75,0.8343716271747802,-0.17284739740248772,-0.34408846107287805
-0.3,-0.75,0.3187424004015081,-1.477403062667602,-0.7124398174701263
-0.3,-0.75,0.6273754512583617,-0.4032645967486199,-0.424664089454511
-0.3,-0.75,0.6841233820297236,-0.3196301726888124,-0.39910436387146
-0.3,-0.75,0.5788364461002649,-0.2944758290127533,-0.4553262487553822
-0.3,-0.75,0.7438011345530113,-0.14426543633181765,-0.3730721041296413
-0.3,-0.75,0.4595098423545612,-0.04334068375751451,-0.540891531544677
-0.3,-0.75,0.8312522420831687,-0.18021203025556723,-0.3459152377176838
-0.3,-0.75,0.2752698595464901,-0.8878958661829628,-0.7326246428614871
-0.3,-0.75,0.6389693001793918,-0.399434597626851,-0.41871701423774066
-0.3,-0.75,0.6010504620548043,-0.475170527363908,-0.44000855657571825
-0.3,-0.75,0.8266530379203563,-0.11866964939136641,-0.34725901202052323
-0.3,-0.75,0.3318396325920249,-1.1964568547232795,-0.6801344010442196
-0.3,-0.75,0.6390440658441248,-0.09457668985057294,-0.41941049437008
-0.3,-0.75,0.6793161057421058,-0.17282109481989133,-0.4006275871875868
-0.3,-0.75,0.5789714891043102,-0.13371205618138354,-0.45355574428450607
-0.3,-0.75,0.7784387848572962,-0.1985701565409338,-0.36092672357172856
-0.3,-0.75,0.38851212429123894,-0.4370590196697804,-0.6163554751027206
-0.3,-0.75,0.8119203206303085,-0.2877521408678276,-0.35075454435984627
-0.3,-0.75,0.375697079734697,-0.5625719933741992,-0.618296918026844
-0.3,-0.75,0.6804404790307627,-0.2996537851608301,-0.40032549564955966
-0.3,-0.75,0.6258230418568108,-0.4419015131929803,-0.42553969567095584
-0.3,-0.75,0.6458049529465361,-0.4098738762136324,-0.4178400205924605
-0.3,-0.75,0.7042086098117798,-0.35721011170201095,-0.3908699501178012
-0.3,-0.75,0.5113929417373568,-0.0741238622746755,-0.49902144352620653
-0.3,-0.75,0.8655306880769269,-0.1719754142379352,-0.33214257695356353
-0.3,-0.75,0.24358907209949246,-0.7169565242285455,-0.8486791980586539
-0.3,-0.75,0.5054191422258196,-0.21948397885857435,-0.5031892896667454
-0.3,-0.75,0.7772508470503585,-0.23629641172067126,-0.3610231138095706
-0.3,-0.75,0.39194147240291605,-0.646353912526395,-0.6107634425480248
-0.3,-0.75,0.8130601954434616,-0.3058977863062629,-0.3505221676064448
-0.3,-0.75,0.37169275276217273,-0.5477623710365803,-0.6215920735566065
-0.3,-0.75,0.6790821687186003,-0.4590748186185292,-0.4008612382537588
-0.3,-0.75,0.6227774444260602,-0.3041773839407567,-0.4257276478767654
-0.3,-0.75,0.6556893606118313,-0.41420281904666795,-0.41370558760149384
-0.3,-0.75,0.6779986508390425,-0.14085299192047626,-0.40142651020998843
-0.3,-0.75,0.5596229319459186,-0.19990877564758316,-0.463786896106008
-0.3,-0.75,0.8263542281791226,-0.3924653961711565,-0.3463863308072619
-0.3,-0.75,0.29468093772807147,3.306198198622767e-36,-0.7375538435482598
-0.3,-0.75,0.656950061300445,-0.3118434941478383,-0.4139897160076959
-0.3,-0.75,0.5749080177892631,-0.3832649618324039,-0.45541077534557783
-0.3,-0.75,0.854675359857438,-0.6083261021477367,-0.34356923696024877
-0.3,-0.75,0.29256020564214164,-0.9008913642112074,-0.7475139561455199
-0.3,-0.75,0.5647627626965571,-0.3855903486025967,-0.45932806757952005
-0.3,-0.75,0.8122936068659667,-0.07514031292817769,-0.35097085479513596
-0.3,-0.75,0.33551276727241885,-0.3824293404558115,-0.6758323940097528
-0.3,-0.75,0.7094283263652496,-0.3095571392189583,-0.3874850263495617
-0.3,-0.75,0.5146549148955055,-5.398646348769934e-37,-0.5121317605291977
-0.3,-0.75,0.8584641646822387,-0.24334574373257883,-0.3414980194171615
-0.3,-0.75,0.2749786262492986,-1.0300873735782912,-0.7936383080210699
-0.3,-0.75,0.5481928755732381,-0.12698691431118403,-0.47399776750384437
-0.3,-0.75,0.7921430809627363,-0.13589661159666225,-0.35633968001862015
-0.3,-0.75,0.34347301566671246,-0.8315319528235128,-0.6685075006744894
-0.3,-0.75,0.7853517501897556,-0.1154431407309919,-0.36008910072287353
-0.3,-0.75,0.4553735299173644,-7.949795265516879e-37,-0.5439600043878466
-0.3,-0.75,0.6970137381306525,-0.4408142924025238,-0.39468885164457035
-0.3,-0.75,0.679578651146128,-0.31936650293547675,-0.40062831293465795
-0.3,-0.75,0.5769132331051131,-0.2089107519619699,-0.4538892848825321
-0.3,-0.75,0.7838243014178702,-0.2879015017137252,-0.359607251661223
-0.3,-0.75,0.37906730212371986,-0.26493917308722303,-0.6157687340478822
-0.3,-0.75,0.801861776485336,-0.3197370833108716,-0.35385176324748124
-0.3,-0.75,0.3971505202072907,-0.7757379820374236,-0.6202980301161162
-0.3,-0.75,0.6976628482938462,-0.2416429613912864,-0.3937291486343112
-0.3,-0.75,0.6047321530749294,-0.4154858595305067,-0.43778048088731325
-0.3,-0.75,0.6590207693103212,-0.3501344857053675,-0.41121063478269404
-0.3,-0.75,0.6935064606654727,-0.2338611305805091,-0.3945656909530619
-0.3,-0.75,0.5302975076375973,-8.228112595052246e-37,-0.4793254038224737
-0.3,-0.75,0.8686909216686085,-0.07758229885815152,-0.3297983174571193
-0.3,-0.75,0.24182460361258332,-0.5470509708052403,-0.8768765946981751
-0.3,-0.75,0.49263617146495103,-0.13063714806416749,-0.5128210977122549
-0.3,-0.75,0.8090031676773674,NA,-0.8972826886974317
-0.3,0,0.8037429143314347,-0.2462607052307133,-0.30006797292467846
-0.3,0,0.4232857315688503,-3.9029733026029815e-37,-0.30276917811821136
-0.3,0,0.7999565123028167,-0.2121766858793578,-0.3000811848478938
-0.3,0,0.43446375566182494,-1.775360832976434e-37,-0.30006636996443325
-0.3,0,0.8027095045627692,-0.2578380178634445,-0.29998833994778523
-0.3,0,0.4445461905394162,-3.114286192912557e-37,-0.29984856138850247
-0.3,0,0.7912539852195075,-0.2936418570223654,-0.3001441070231121
-0.3,0,0.5173715225865569,-0.010770108980151105,-0.2997680003092898
-0.3,0,0.7734398049582848,-0.2407090181917689,-0.3000883690607527
-0.3,0,0.6076969401020191,-0.30956520030670126,-0.30005288667784674
-0.3,0,0.7529384030010586,-0.24801649256825115,-0.2999933478938863
-0.3,0,0.5135234874366548,-0.37985385857413617,-0.30013186428540717
-0.3,0,0.8338599619001026,-0.22770637063054017,-0.2972436347048123
-0.3,0,0.29820804107074866,-0.31095410668571327,-0.3030147571623017
-0.3,0,0.7429227829887336,-0.2670838424811467,-0.30008697439065346
-0.3,0,0.5541780411907424,5.850933606281381e-37,-0.29721234099917404
-0.3,0,0.7865959587979574,-0.32434045126498945,-0.3000762686017125
-0.3,0,0.4674626988619425,-4.062716457919842e-37,-0.2984479969680441
-0.3,0,0.8043659539093808,-0.06680051424795384,-0.3000648552015673
-0.3,0,0.43842817554237046,-4.353944065119223e-37,-0.299583394812562
-0.3,0,0.7926364401370883,-0.1980252474803788,-0.3001716282791287
-0.3,0,0.5129730513548042,0.00439444785990917,-0.30011803342275445
-0.3,0,0.7722727900475616,-0.3090231622563559,-0.30002268202234994
-0.3,0,0.6114343103167138,-0.1825081975038245,-0.300015635412839
-0.3,0,0.7595882590418988,-0.45437487481287564,-0.3000380677741838
-0.3,0,0.49192026931486604,2.561423346314642e-37,-0.3039377800256047
-0.3,0,0.8502231133050371,-0.2838104044045024,-0.3005358247380085
-0.3,0,0.25094975052397345,0.2654742377254744,-0.30240166267624574
-0.3,0,0.6705887136697307,-0.2520536241008543,-0.30022381428223244
-0.3,0,0.6844459199557296,-0.26756880624356455,-0.2999804808564328
-0.3,0,0.632632588776248,-0.22923754744662597,-0.300184353198343
-0.3,0,0.7475459514675113,-0.09811254669750316,-0.3000515010122586
-0.3,0,0.5014945100953246,-4.558831800247085e-37,-0.2980584260428036
-0.3,0,0.872129385176831,-0.03763739000180347,-0.30005507116396896
-0.3,0,0.18985823644415245,-0.14751474356320937,-0.29949454150797883
-0.3,0,0.5418310237159385,0.01482933769416943,-0.3014001032111291
-0.3,0,0.7644374132684894,-0.35772056899321614,-0.29975850029115786
-0.3,0,0.6177066604777492,-0.3326291597298788,-0.29987940891192116
-0.3,0,0.7302788922332716,-0.2050594569002567,-0.2999989570217159
-0.3,0,0.580613154912479,-0.2043811845854073,-0.2999994352932145
-0.3,0,0.7651473578165132,-0.3439094282316775,-0.29997452081406695
-0.3,0,0.5238732344141611,-0.12363030471419306,-0.2980532486058929
-0.3,0,0.7848364207927431,-0.30740878426895363,-0.2999279258628157
-0.3,0,0.5153595451284687,-0.03457766858866765,-0.3000554654372556
-0.3,0,0.7731946830207256,-0.2830963514783144,-0.30009436605946804
-0.3,0,0.6150522587784228,-0.0696359221080616,-0.29965811199057046
-0.3,0,0.7567028996081824,-0.32300182063779315,-0.3001141961586846
-0.3,0,0.48961464035332003,-3.6483485532711496e-37,-0.30052958736918634
-0.3,0,0.8651601939443239,-0.1551454343510595,-0.30008141233411995
-0.3,0,0.22258099539392248,-1.298928013590252,-0.2926312290590416
-0.3,0,0.606699253278141,0.04307021621899127,-0.3001027039549278
-0.3,0,0.7222991184976288,-0.22664906369731583,-0.3001345105895986
-0.3,0,0.6713879647086792,-0.13502504916127683,-0.3001856733193792
-0.3,0,0.6564925569235438,-0.2233262255137103,-0.30023853972389264
-0.3,0,0.7262804819839767,-0.6555490754476109,-0.30002816742502897
-0.3,0,0.540319213933175,0.14997506867470015,-0.2996864106381147
-0.3,0,0.8783712607701414,-0.3812015496583976,-0.3005190970490958
-0.3,0,0.2408698492630889,0.5036440230240269,-0.29446296101154146
-0.3,0,0.6085889726105541,-0.045175254796427165,-0.29979000257197097
-0.3,0,0.794098314605285,-0.6673268851809111,-0.29985894363191207
-0.3,0,0.38536840355470475,6.826969958509325e-37,-0.29634671930933687
-0.3,0,0.8517609647941468,-0.9346582986265719,-0.3000109782141048
-0.3,0,0.31526657657962415,-0.14405613844400264,-0.29528157991091764
-0.3,0,0.7111624302296039,-0.4931697767209671,-0.29984409161071257
-0.3,0,0.6843225230165915,-0.40534992589968943,-0.2999186797782461
-0.3,0,0.630116865125533,-0.3699326430476854,-0.29979406100559297
-0.3,0,0.7739165374185032,-0.48444148754262134,-0.29988077976292254
-0.3,0,0.4441150995456506,0.019785962067026448,-0.29995470276213243
-0.3,0,0.8726926165030366,-0.1235432769037752,-0.29944436566703925
-0.3,0,0.23941214359954324,-1.6970814829337824,-0.29511240817492146
-0.3,0,0.6134227470422433,-0.41362609081665186,-0.3000644289142729
-0.3,0,0.7481689416621536,-0.7058669401955743,-0.29986394722752585
-0.3,0,0.5307000176891249,-8.292294020935742e-38,-0.3004445022722913
-0.3,0,0.8141510712528595,-0.3911068759365169,-0.2993810851043946
-0.3,0,0.3639755849948207,0.04839043988285779,-0.3122433884966265
-0.3,0,0.7912900593054605,-0.2914194932771008,-0.3000102321701089
-0.3,0,0.3962315497115994,1.9235141748039616e-37,-0.30071553928892747
-0.3,0,0.8519233478733793,-0.08251024158552538,-0.2999883232265868
-0.3,0,0.27987620507026845,-0.7904160855708862,-0.29751191846356084
-0.3,0,0.6823537779712722,-0.3447185973199886,-0.2998994302830309
-0.3,0,0.6451522678974337,-0.0534752650318246,-0.29961500464544844
-0.3,0,0.7248280775025199,-0.19495608968867706,-0.2995103444434163
-0.3,0,0.5534404895808988,-0.29038882925691606,-0.2975873652667653
-0.3,0,0.8318164901431203,-0.16369562611082258,-0.298021949045323
-0.3,0,0.2893212450290127,-1.1261167897728008e-36,-0.2987659999314536
-0.3,0,0.7408861193220275,-0.37418959162007637,-0.2999896407947857
-0.3,0,0.5744404617513638,0.02710945378363076,-0.301375916479484
-0.3,0,0.752388579045896,-0.30495577512682587,-0.2992285183915387
-0.3,0,0.6131406242424875,-6.057147517782868e-4,-0.3001474915068938
-0.3,0,0.7260229998025383,-0.1851647662481744,-0.2999049785254805
-0.3,0,0.6305152713369913,0.13820738571079894,-0.30117539630160817
-0.3,0,0.6893319323070828,0.03163386124309263,-0.29997394084455214
-0.3,0,0.7458141903313815,-0.36181993255140704,-0.2998579004117886
-0.3,0,0.5645288909197922,-0.20841855694623737,-0.3004430974813975
-0.3,0,0.7607236998046844,-0.3028657594998544,-0.29991489865265314
-0.3,0,0.5692197037266883,-0.1981696013187424,-0.2999947604032678
-0.3,0,0.7427739404668584,-0.24715427212781768,-0.2998154849015556
-0.3,0,0.6739009712792258,-0.15239186152189757,-0.29958388851718976
-0.3,0,0.68582946114217,-0.20577798915280743,-0.3000248800339258
-0.3,0,0.6200572046475386,0.024073070526018665,-0.2993971361255974
-0.3,0,0.8032541718076073,-0.4020679713105285,-0.3002967253222208
-0.3,0,0.39095596395598464,0.09699235718571399,-0.3038468057906143
-0.3,0,0.8215391549465777,-0.42177554275375223,-0.3024650169839921
-0.3,0,0.32957261333596477,-0.08412278930993076,-0.30342315399532616
-0.3,0,0.7844687302281595,-0.29942890720870935,-0.29997807926657344
-0.3,0,0.46682644176185534,-2.6841219918584135e-38,-0.2986064309368764
-0.3,0,0.8097676845079579,-0.31551110247426206,-0.2998283742014504
-0.3,0,0.40501885118538217,3.8577697633053406e-37,-0.3042832098552037
-0.3,0,0.7965279394979536,-0.27025303522521354,-0.2999663388956383
-0.3,0,0.44163607489992796,-2.892071335963275e-37,-0.29989728478352173
-0.3,0,0.8043294060755882,-0.23241779605431753,-0.30006515054300853
-0.3,0,0.43007484826990083,-3.0681555933066076e-37,-0.29940579181478033
-0.3,0,0.7959736489562338,-0.28447557492514086,-0.2998545100727444
-0.3,0,0.477193949373876,-0.040551445793355935,-0.3047915491971748
-0.3,0,0.7836492081778205,-0.242785404655561,-0.2999159857919442
-0.3,0,0.5727513245443531,-0.21548166976428207,-0.29972538880744604
-0.3,0,0.7705974667281164,-0.34179210864999693,-0.29994024479924186
-0.3,0,0.5128158781019643,-0.1396161455081873,-0.3000344086620106
-0.3,0,0.788251084317263,-0.30959166155074835,-0.29996948635686005
-0.3,0,0.5084340127369668,-0.09599938582049353,-0.2998317825265264
-0.3,0,0.776416226459249,-0.3199791563053214,-0.3000949158240658
-0.3,0,0.608991011462287,-0.1272394442366196,-0.3000773692908097
-0.3,0,0.7635979737753574,-0.3592583679755991,-0.30032141605882434
-0.3,0,0.4739680677225761,-2.2173972785100662e-37,-0.30054007048778963
-0.3,0,0.8662151535340666,-0.22596821175420628,-0.299818139624215
-0.3,0,0.22260560161590934,-0.9959792492628982,-0.292831332439079
-0.3,0,0.6045320549826966,-0.12401118156968366,-0.2998462231147207
-0.3,0,0.7208010465349397,-0.20443050833189147,-0.3003931629826493
-0.3,0,0.6875628721358733,-0.28012699969676064,-0.30002168910920074
-0.3,0,0.6507650073735891,-0.3166179107484714,-0.29965383885092184
-0.3,0,0.6947149651317569,-0.33879357794294557,-0.3001557620056138
-0.3,0,0.6358204799515467,-0.27229828165302106,-0.30006647149396454
-0.3,0,0.7203881920270707,-0.28878080355854213,-0.30014707800040996
-0.3,0,0.5889602739721197,-0.057330015462081343,-0.30238565717931676
-0.3,0,0.7720793776015942,-0.3219136938396441,-0.29996534327795366
-0.3,0,0.469055111195708,-9.441548687920213e-38,-0.29944383787288165
-0.3,0,0.8430306268343379,-0.15981207041268836,-0.2995777441041708
-0.3,0,0.27080588826594904,-0.7136405914052599,-0.3022837857022247
-0.3,0,0.7044171065360004,-0.1796768263907924,-0.2999487612069653
-0.3,0,0.6377945277750403,-0.3043191336935504,-0.3004168878084248
-0.3,0,0.6929754694310992,-0.39092565712731325,-0.30006716634680064
-0.3,0,0.6933239656743625,-0.7212770492746752,-0.30018506683860047
-0.3,0,0.5881280610092131,0.1632591545343702,-0.29966211909239315
-0.3,0,0.8636275996643357,-0.4822443651286931,-0.29794599476286787
-0.3,0,0.2829307600801027,1.8258288201484943e-36,-0.29821434665164853
-0.3,0,0.6728675702208831,-0.3612017490401742,-0.2996748692309195
-0.3,0,0.7332908040521018,-0.34463501912367184,-0.300713034351427
-0.3,0,0.5377926386372331,-0.06901842934048336,-0.3001600822992889
-0.3,0,0.8546416593461547,-0.15710601801103694,-0.2998728071454052
-0.3,0,0.2529872357665448,-0.8547394234395493,-0.3081443495059035
-0.3,0,0.6612514529126508,-0.03312582019967927,-0.3005989199793506
-0.3,0,0.6550197593473627,-0.10762931706176009,-0.3002001904696231
-0.3,0,0.7711280181297249,-0.3500028381321138,-0.30004583541578994
-0.3,0,0.4736714191302691,-3.829767577139686e-37,-0.30000585248996087
-0.3,0,0.8396562120832985,-0.340482345403253,-0.29829023548196015
-0.3,0,0.2787289672405446,-0.20345861516811356,-0.29973858906384787
-0.3,0,0.717997640369045,-0.40138136159328325,-0.30026700136548035
-0.3,0,0.6157312962452475,-0.171423751741505,-0.30003485802981017
-0.3,0,0.7150684926676557,-0.5816852004155889,-0.3000442004812659
-0.3,0,0.6516891477102322,-0.43076587073199163,-0.30034182314917457
-0.3,0,0.6555854652456176,-0.6806453217328501,-0.3002801868894738
-0.3,0,0.8028349283109483,-0.5624815605196429,-0.30010760974570877
-0.3,0,0.44064136507635854,2.4148529026038005e-37,-0.3000319195448288
-0.3,0,0.7926818359439662,-0.22207127037154856,-0.30021019153537654
-0.3,0,0.5266781874589546,0.060336217465573605,-0.296495569263197
-0.3,0,0.7880921788830831,-0.41917380451221237,-0.2999087354238783
-0.3,0,0.5124656782774646,-0.20560264424969982,-0.30021780149043714
-0.3,0,0.782120616288568,-0.38780373775660376,-0.30015600970734924
-0.3,0,0.5754603214456353,-0.3770564785543676,-0.301281534656751
-0.3,0,0.7846272807194004,0.09133412736371634,-0.30005894792482807
-0.3,0,0.4439545983397292,1.0636670553121643e-37,-0.3000222895489689
-0.3,0,0.823850879764878,-0.36116617448727445,-0.3004377094337923
-0.3,0,0.335202908987323,0.7593776627159534,-0.30288161678946457
-0.3,0,0.7725073693227681,0.106363513727083,-0.29990240069380936
-0.3,0,0.43161751291098294,2.4560578245886774e-37,-0.2990339755731666
-0.3,0,0.8802167461317195,-0.2006446736019606,-0.3002533225267525
-0.3,0,0.23839109718436696,0.11465494440734501,-0.2987378500820574
-0.3,0,0.6052126777197329,0.13719252753579206,-0.2998215616005652
-0.3,0,0.8120029221147318,-0.42032971593613594,-0.300401385117219
-0.3,0,0.366670390662113,0.028709846399037665,-0.31884817332824333
-0.3,0,0.8060384709293841,-0.26804468756091615,-0.30023176382023464
-0.3,0,0.3723578506386926,-0.552592890551246,-0.30963865674805113
-0.3,0,0.823713571257679,-0.20827867999339714,-0.3021667838810008
-0.3,0,0.35976763368176823,-4.8000399091675436e-37,-0.27586179003100497
-0.3,0,0.7754870785953412,-0.3984318764695605,-0.29983149318678715
-0.3,0,0.4617664331249408,-1.5806587079793283e-37,-0.2997280101805875
-0.3,0,0.8419606767792828,-0.3000659682762735,-0.2994322100002852
-0.3,0,0.27186073092952906,-0.5091388395918433,-0.29761845220156496
-0.3,0,0.7077459321670581,-0.18443677200670583,-0.2999833696094299
-0.3,0,0.6374327391270491,-0.20415262964136227,-0.2998648592178964
-0.3,0,0.6856926285432372,0.15129208845684292,-0.2999363402563744
-0.3,0,0.7109221392081357,-0.262157692721201,-0.3017564968582924
-0.3,0,0.5625278341353422,-8.779889711501474e-5,-0.300519201444593
-0.3,0,0.8758212915605889,-0.26169140001783825,-0.29941985123217607
-0.3,0,0.23347313677042564,-0.18149730830306937,-0.2998462138924438
-0.3,0,0.5999347092699839,-0.11269730562968494,-0.3000627207878841
-0.3,0,0.7946352879297914,-0.4510861667251736,-0.29984167548409596
-0.3,0,0.39519098199120883,0.4382513079587428,-0.30590739367451114
-0.3,0,0.8493090788920507,-0.2704040038674118,-0.2999027812110463
-0.3,0,0.32230394960400927,-2.188190955027534e-37,-0.286795812953737
-0.3,0,0.719935702424517,NA,0.04120616622061181
-0.3,0.75,0.43082343111152865,-4.373936644425898e-37,-0.15939617962132413
-0.3,0.75,0.8490548493833666,-0.540874053706889,-0.26532397307150224
-0.3,0.75,0.3604527839987162,-0.16068477084439958,-0.14115651539903706
-0.3,0.75,0.8044091725802673,-0.02778786484683236,-0.25511153367567374
-0.3,0.75,0.5333037759228955,-0.26977259190859315,-0.18729777612651044
-0.3,0.75,0.8527738568072549,-0.3349195275279555,-0.266217345874883
-0.3,0.75,0.2909172249731138,0.017070467782245656,-0.13478269582278402
-0.3,0.75,0.7399481920136233,-0.14372385533839965,-0.24172774037927225
-0.3,0.75,0.5509307469684878,2.623956237549798e-37,-0.18975962902556012
-0.3,0.75,0.8817609681158323,-0.3653003635325411,-0.27271933537558224
-0.3,0.75,0.19268259508910165,0.9269787711345667,-0.08903099393994157
-0.3,0.75,0.5645909961152008,-0.7741740423858668,-0.19420887324734365
-0.3,0.75,0.7992981996293471,-0.04101508730934819,-0.25490260111814284
-0.3,0.75,0.5660186424178325,-1.2990008522376062e-37,-0.1930186585537564
-0.3,0.75,0.8370163876653818,-0.1965951621688497,-0.2626936489383813
-0.3,0.75,0.32703158950838807,-0.5012576692136378,-0.13182641263896688
-0.3,0.75,0.7902623843319698,-0.3197105096597704,-0.2519432571005271
-0.3,0.75,0.45058202779272755,1.1566989987452954e-37,-0.16074092151523722
-0.3,0.75,0.8813281631770189,-0.27454897376916887,-0.272591174048148
-0.3,0.75,0.1905840434608247,0.6533012011861148,-0.08747704882131391
-0.3,0.75,0.559214234917452,-0.016265494986190454,-0.1949082803346731
-0.3,0.75,0.8230334128878226,-0.31598685890358374,-0.25946114609702853
-0.3,0.75,0.4369891893032882,-0.1147192678263797,-0.16052256488728123
-0.3,0.75,0.8440462095607462,-0.12883665072169825,-0.26332190341402084
-0.3,0.75,0.43998281667376177,-0.13386043377731158,-0.1620398917980186
-0.3,0.75,0.8637867788180388,-0.34151434470543907,-0.2671653561683962
-0.3,0.75,0.24628892076193884,0.481951130078648,-0.10288683834133838
-0.3,0.75,0.6721010475373326,0.42214684355986654,-0.22297465795293475
-0.3,0.75,0.6714991539116835,-0.5997071973910229,-0.22223025324277434
-0.3,0.75,0.7902743249355035,-0.19758058025580444,-0.2516124779800891
-0.3,0.75,0.4883766062073977,-0.03984709033281104,-0.175358341539109
-0.3,0.75,0.8524413456479044,-0.2895793827088287,-0.2653178774807068
-0.3,0.75,0.36198651529898057,-0.49256348542663436,-0.14121354384734786
-0.3,0.75,0.804634842272181,-0.4988392649545943,-0.255091194710273
-0.3,0.75,0.5398064129510567,-0.15019039297215153,-0.18829604385871979
-0.3,0.75,0.8531772194679444,-0.37199661348640267,-0.26625526405162636
-0.3,0.75,0.27835785612722785,0.3493808120693137,-0.07863718030181133
-0.3,0.75,0.7233309550743627,-0.06949763322222716,-0.2340065488188175
-0.3,0.75,0.5820518208640196,0.11557905795252163,-0.20089717658069473
-0.3,0.75,0.8800795222860518,-0.05656810919945063,-0.27226668266532883
-0.3,0.75,0.24511299580320559,1.7997319193965886,-0.10233981270019635
-0.3,0.75,0.6588164829961538,0.0037009358768350788,-0.22040620506918723
-0.3,0.75,0.7735556403111472,-0.40145590584988294,-0.2484220494244293
-0.3,0.75,0.4887988353998993,2.951720970739207e-37,-0.17509767307085822
-0.3,0.75,0.8884134107944329,-0.32741468413823055,-0.27298964193719466
-0.3,0.75,0.18192085258458032,1.6749560108715913,-0.07684576639010919
-0.3,0.75,0.5378177049253378,-0.8258349501868527,-0.1858709276793037
-0.3,0.75,0.8275420256157621,0.09314217611359725,-0.2603757509094448
-0.3,0.75,0.480795071995683,-0.037729634400354,-0.17667968616633722
-0.3,0.75,0.868139034843614,-0.29100934631868924,-0.2677314642516732
-0.3,0.75,0.2356949662302012,-0.7114006237206485,-0.10528441158728888
-0.3,0.75,0.6521495269827334,0.48000234821164073,-0.21954775415332306
-0.3,0.75,0.7031387716199125,-0.17716227836853687,-0.22963973527850312
-0.3,0.75,0.748628944285845,-0.05552446033861152,-0.24196491061977493
-0.3,0.75,0.5839054093884073,-0.4681724751566785,-0.20285389400711012
-0.3,0.75,0.798369731546804,-0.3271440246072035,-0.25374248975660985
-0.3,0.75,0.5229927048044803,-0.1880286065058652,-0.18519779986140433
-0.3,0.75,0.83978903282304,-0.4044979469157475,-0.2633853159955016
-0.3,0.75,0.4154433463015014,-8.443130434613806e-37,-0.15388271988643343
-0.3,0.75,0.8394173566998955,-0.10074792202703059,-0.2634118349834114
-0.3,0.75,0.4244942163244134,-5.466539236742267e-37,-0.159439486311524
-0.3,0.75,0.8445406164452,-0.35339732035637006,-0.2643603620359751
-0.3,0.75,0.39827026973173923,-0.4384895354987081,-0.15241724634923148
-0.3,0.75,0.830674965870088,-0.30681760144115194,-0.26102651283742956
-0.3,0.75,0.4565753497772433,-2.4062970696608668e-37,-0.16539451533662003
-0.3,0.75,0.8558378590876917,-0.3367342263416938,-0.26629551907989124
-0.3,0.75,0.33286359285162725,0.9027302269261347,-0.1322938065003966
-0.3,0.75,0.7783115995457812,-0.20095333640160404,-0.24718132117605118
-0.3,0.75,0.5923134339900918,-0.23795516194169514,-0.20322203174784959
-0.3,0.75,0.8108250134319559,-0.181379164035022,-0.2569556611100357
-0.3,0.75,0.41339916403120275,-1.4942343598968724e-37,-0.15308163658505364
-0.3,0.75,0.8504902103672666,-0.2971892365467164,-0.2658684464285439
-0.3,0.75,0.30123028360364124,8.673196175130061e-37,-0.12045773863004716
-0.3,0.75,0.7532176530810297,0.06545135020721929,-0.24454902280221621
-0.3,0.75,0.5269635246833544,-1.958750179584199e-37,-0.18261476259420273
-0.3,0.75,0.8832799313503696,-0.16793395718233273,-0.2720183509558255
-0.3,0.75,0.17054761514102712,-0.32145397277886145,-0.08615449007716247
-0.3,0.75,0.5168601437769543,1.4103533999581876e-38,-0.18413762765046948
-0.3,0.75,0.8423734060352186,-0.20371074579356738,-0.2639781593540172
-0.3,0.75,0.36878804867447257,-0.002862661953982631,-0.14151580823614096
-0.3,0.75,0.8085300277822545,-0.2623496963116027,-0.2557852007652172
-0.3,0.75,0.5087036459458343,-0.13638723619991688,-0.1830123839546889
-0.3,0.75,0.8346829678780943,-0.28545663392175014,-0.26250669915496444
-0.3,0.75,0.44847930267040836,-0.043630965729683995,-0.16595173735803503
-0.3,0.75,0.8469446633124018,-0.34311087086920367,-0.2646585089475946
-0.3,0.75,0.39653503468822254,0.3103585057892469,-0.14804876454486182
-0.3,0.75,0.8219871118106856,-0.14122330625662982,-0.2590797112813248
-0.3,0.75,0.5077062176304524,-0.12715627428777398,-0.17926837857392425
-0.3,0.75,0.8579518177510853,-0.27305899501420416,-0.2667119664761664
-0.3,0.75,0.2792404305673811,0.0391832898686978,-0.11376093779681895
-0.3,0.75,0.7199363500508746,-0.044566055661380125,-0.23011037299832438
-0.3,0.75,0.5971461553538859,0.4415818958044406,-0.20230607863699016
-0.3,0.75,0.859033654975142,-0.2748717736243702,-0.26635029267714855
-0.3,0.75,0.3103467293555205,0.12778487877282696,-0.13505162286620775
-0.3,0.75,0.7523294040759606,-0.13573997483996453,-0.24270502864542703
-0.3,0.75,0.599456606111224,-0.5726119946191349,-0.2041253113585828
-0.3,0.75,0.7716646248939294,-0.33967640636285923,-0.24804503657611843
-0.3,0.75,0.6199007223358565,-0.14594034057059985,-0.2123246224845689
-0.3,0.75,0.7769429907117656,-0.2376349232406787,-0.24842850371877478
-0.3,0.75,0.49771446482818704,1.8377065954912513e-37,-0.17619384006562633
-0.3,0.75,0.8679965389327909,-0.2828285644185063,-0.2686055235589575
-0.3,0.75,0.2315247187827349,0.6940847993067919,-0.10173724495294317
-0.3,0.75,0.6438708137996818,-0.2089996269788245,-0.21628780727733676
-0.3,0.75,0.7389241236896712,-0.06700759295197399,-0.23917194764182603
-0.3,0.75,0.6207395552456151,-0.2568302513692714,-0.20868627366930556
-0.3,0.75,0.7553923843765474,0.3004394938379423,-0.24409604628423437
-0.3,0.75,0.6382973338337595,-0.15751656745179807,-0.21830866109343194
-0.3,0.75,0.7650496039045787,-0.14174526859595696,-0.24622239167829452
-0.3,0.75,0.5172253603073146,-2.3137930868748043e-37,-0.18280986810907754
-0.3,0.75,0.870431589443377,0.014881986837924275,-0.2690962021126938
-0.3,0.75,0.20625562793027322,-0.7440935825615244,-0.10616317675920772
-0.3,0.75,0.5971828177774001,-1.5246637763361706e-37,-0.2039552922336002
-0.3,0.75,0.7932427866761161,-0.17117422718961187,-0.2522437787227858
-0.3,0.75,0.4909897554870363,-1.7994748280938837e-37,-0.17788564857757505
-0.3,0.75,0.8430400088790432,-0.23740586523496734,-0.26386766714508836
-0.3,0.75,0.40239122913663433,-0.290321882213973,-0.15368182071699843
-0.3,0.75,0.8268810557863422,-0.179196501321096,-0.2596742671069351
-0.3,0.75,0.4989193145455867,-0.017547873152845433,-0.17792185539546052
-0.3,0.75,0.8593409049782733,-0.21380531252619223,-0.26674975022183156
-0.3,0.75,0.2684817685129447,-0.726912019017102,-0.13441394191633324
-0.3,0.75,0.7064319257992157,-0.25546092938668613,-0.229935436545506
-0.3,0.75,0.6240804746053015,0.9036578408265751,-0.20816957290825927
-0.3,0.75,0.8330792952275917,0.016769204293792202,-0.26179913093976787
-0.3,0.75,0.38693470965730525,-0.17712072757787808,-0.1397228961108351
-0.3,0.75,0.8234732960299879,-0.26654863032630705,-0.2597483368071319
-0.3,0.75,0.45379873248550817,-6.1948597087726125e-37,-0.16458971619064577
-0.3,0.75,0.8383973895721101,-0.23538604168527516,-0.26313274613554366
-0.3,0.75,0.47081917395960055,-3.0718865631412523e-37,-0.17303846298648295
-0.3,0.75,0.86619568744551,-0.27593464144348656,-0.267701213547372
-0.3,0.75,0.24359563247967575,0.4646633525564816,-0.10378099124422974
-0.3,0.75,0.6642535058371831,-0.28818281218620406,-0.22299071784816824
-0.3,0.75,0.6981704143498971,0.09535985001693924,-0.23074937828946665
-0.3,0.75,0.729735669018782,-0.004880179345389608,-0.23903760331105883
-0.3,0.75,0.5983391862007972,-0.2435397551079338,-0.20352359404451958
-0.3,0.75,0.8164006779902465,-0.36382493132728794,-0.2595522613304778
-0.3,0.75,0.3745820301214883,0.14435886707468934,-0.14126375166029004
-0.3,0.75,0.846082584503701,-0.1687996321383707,-0.2650588611899082
-0.3,0.75,0.338450549603993,-0.5025924072419973,-0.134546171806159
-0.3,0.75,0.7860806776476233,-0.1567018595099309,-0.2512478163658667
-0.3,0.75,0.49969155511621527,2.4375086735400952e-37,-0.18024617261095566
-0.3,0.75,0.8480312462192152,-0.21160681414963323,-0.26515242443023995
-0.3,0.75,0.3673558989853027,8.0163918382397e-37,-0.14194764112732228
-0.3,0.75,0.803588807234777,-0.27845784844346144,-0.2548619137530113
-0.3,0.75,0.5450890383330457,-0.1850333946334135,-0.19003893375417913
-0.3,0.75,0.8388922604220571,-0.25366319989808545,-0.26291778230434926
-0.3,0.75,0.3509264461870454,-0.10657418195666182,-0.1370952677761336
-0.3,0.75,0.801091450630245,-0.31499337001280664,-0.25336439781172393
-0.3,0.75,0.4415465093897223,-1.726216974775833e-37,-0.1624680776742653
-0.3,0.75,0.8624500304030064,-0.25457420698099115,-0.26694138610118257
-0.3,0.75,0.2538657807134887,0.059696656269029404,-0.10375688401345518
-0.3,0.75,0.6828735697674095,-0.09107190384003945,-0.22345486649983615
-0.3,0.75,0.6702256856904297,0.18809937797242196,-0.2217791674651633
-0.3,0.75,0.7655782145543477,-0.2909780909700766,-0.2450319469044386
-0.3,0.75,0.5166156654977889,-0.1525424138505525,-0.1832388187934818
-0.3,0.75,0.871841551065432,-0.1377764355098473,-0.2695569761908899
-0.3,0.75,0.2104602332466465,0.17900234505827117,-0.10363287155530743
-0.3,0.75,0.6050808969168866,-0.26413743189320643,-0.2042706749538813
-0.3,0.75,0.8057866927056618,-0.17197583635200805,-0.2553239768593276
-0.3,0.75,0.408569343510923,0.2801092930145199,-0.15600715602440096
-0.3,0.75,0.8594095411266861,-0.421822558827999,-0.2668307865720933
-0.3,0.75,0.24021534372367812,-0.5623978096718639,-0.10426526181787998
-0.3,0.75,0.667408319313691,-0.17291787871903808,-0.221808884409404
-0.3,0.75,0.7264770127504478,-0.15429677297097313,-0.23911238645840216
-0.3,0.75,0.594156519617948,0.0473327458804822,-0.20368465580357475
-0.3,0.75,0.8400011824713081,-0.22839143503465004,-0.26342565627152437
-0.3,0.75,0.3160606104821397,-0.024367066844543192,-0.12620929274214626
-0.3,0.75,0.7783160435214419,-0.2987970546095521,-0.24963409909932824
-0.3,0.75,0.48606126638684016,-1.2119276646098359e-37,-0.1759699152889072
-0.3,0.75,0.8779538352391256,-0.15048060433624097,-0.27221098624653
-0.3,0.75,0.1929826019480834,-0.36379671348756654,-0.0878954811407393
-0.3,0.75,0.5663283418681484,-0.014821216600820116,-0.19543535947574098
-0.3,0.75,0.8373289504705554,-0.4328120361451894,-0.2628791940125793
-0.3,0.75,0.32634457179523285,0.7446361618887876,-0.13548152380764664
-0.3,0.75,0.7897495105017204,-0.38418656888221486,-0.2511605685659466
-0.3,0.75,0.427830432007894,0.5167092486595569,-0.1596030784505471
-0.3,0.75,0.890831472975483,-0.0625137255367283,-0.2724347533365743
-0.3,0.75,0.2216975472085877,2.542996893428535,-0.08634777238268199
-0.3,0.75,0.6164353804101306,3.773117064931457e-37,-0.20941230929764118
-0.3,0.75,0.8250658659802221,-0.24472427728708848,-0.2599766135887381
-0.3,0.75,0.3667383112366237,-0.35674199139329443,-0.14178308337919177
-0.3,0.75,0.8279147278190534,-0.39427956169677403,-0.26081209940710254
-0.3,0.75,0.3424066009946241,0.9877641729324703,-0.12471146714812506
-0.3,0.75,0.814275209079747,0.12195034463057558,-0.2570108833496509
-0.3,0.75,0.4339854255310164,0.08294449177683157,-0.16010697132218765
-0.3,0.75,0.845331184157701,-0.25562170577570636,-0.26454806375062906
-0.3,0.75,0.3900468284290002,0.5362564441202304,-0.14068369075996798
-0.3,0.75,0.8179037447725857,-0.21695962607067945,-0.2584172972029068
-0.3,0.75,0.5229585684027093,0.07795576104127933,-0.18424678339685624
-0.3,0.75,0.8586346322757596,-0.2502436702435406,-0.2664055594777184
-0.3,0.75,0.2642566812648244,0.2402185552514386,-0.11181974447474419
-0.3,0.75,0.7008402171378717,-0.05387758346648885,-0.23107406364856067
-0.3,0.75,0.6408766952795193,0.029015927081004273,-0.21639005483653345
-0.3,0.75,0.7976094685586903,-0.2649703676572396,-0.25242625353660936
-0.3,0.75,0.43202841208908815,-0.3810570075915803,-0.15880260327607593
-0.3,0.75,0.8746875213798323,-0.19503086707160003,-0.2704497794921168
-0.3,0.75,0.2168176529389952,-0.555170716292715,-0.08959741466190141
-0.3,0.75,0.6139746445405095,-0.06852365137004313,-0.20859620557280867
-0.3,0.75,0.765761027456939,-0.43330592527602074,-0.24547145017450867
-0.3,0.75,0.6066688220197584,-0.17834210068342043,-0.20608130391775048
-0.3,0.75,0.7879089567341201,-0.18627829143009855,-0.2513778040250711
-0.3,0.75,0.49858401331550917,NA,-0.07538126876084128
